provider,model_name,quantity_id,run_index,prompt_version,tool_regime,parsed_ok,point_estimate,interpretation,lower_bound,upper_bound,confidence_level,quantiles,quantiles_repaired,citations,reasoning_summary,error,raw_response,prompt
litellm_completion,qwen3.8-max,household.intertemporal_elasticity_of_substitution,1,ies-clarify,none,True,0.5,"Elasticity of intertemporal substitution for nondurable consumption in a representative U.S. household annual macro calibration: percent change in the growth rate of nondurable consumption induced by a 1 percent change in the intertemporal price of consumption, treated separately from risk aversion.",0.05,1.6,0.9,"{""p05"": 0.05, ""p25"": 0.25, ""p50"": 0.5, ""p75"": 0.9, ""p95"": 1.6}",False,"Hall (1988), Intertemporal Substitution in Consumption | Mankiw, Rotemberg, and Summers (1985), Intertemporal Substitution in Macroeconomics | Ogaki, Ostry, and Reinhart (1995), Intertemporal Substitution in Consumption with Durable Goods","Empirical estimates for nondurables in annual U.S. macro data are typically low and often near zero when using short rates or asset returns, but macro calibrations often impose some modest substitution. I therefore center around 0.5, with a wide but mostly sub-unitary range, excluding the inverse CRRA default unless independently justified.",,"{
  ""interpretation"": ""Elasticity of intertemporal substitution for nondurable consumption in a representative U.S. household annual macro calibration: percent change in the growth rate of nondurable consumption induced by a 1 percent change in the intertemporal price of consumption, treated separately from risk aversion."",
  ""point_estimate"": 0.5,
  ""quantiles"": {
    ""p05"": 0.05,
    ""p25"": 0.25,
    ""p50"": 0.5,
    ""p75"": 0.9,
    ""p95"": 1.6
  },
  ""citations"": [
    ""Hall (1988), Intertemporal Substitution in Consumption"",
    ""Mankiw, Rotemberg, and Summers (1985), Intertemporal Substitution in Macroeconomics"",
    ""Ogaki, Ostry, and Reinhart (1995), Intertemporal Substitution in Consumption with Durable Goods""
  ],
  ""reasoning_summary"": ""Empirical estimates for nondurables in annual U.S. macro data are typically low and often near zero when using short rates or asset returns, but macro calibrations often impose some modest substitution. I therefore center around 0.5, with a wide but mostly sub-unitary range, excluding the inverse CRRA default unless independently justified.""
}","Answer from your current memory and background knowledge only.
Do not use tools, files, the web, code, or external resources.
Do not try to reconstruct a literature review or search for a consensus estimate.
Report the belief you currently endorse.

Quantity of interest:
- Name: Intertemporal elasticity of substitution
- Definition: Percent change in the growth rate of nondurable consumption from a 1 percent change in the intertemporal price of consumption.
- Target interpretation: IES for nondurable consumption in annual macro calibration, distinct from risk aversion
- Population/context: Representative U.S. household in an annual macro-calibration setting
- Units: elasticity

Clarification for this quantity:
- This is the elasticity of intertemporal substitution for nondurable consumption in a representative-household annual macro-calibration setting.
- Treat it as a consumption-growth response to the intertemporal price of consumption, not as a generic willingness-to-take-risk parameter.
- Do not answer with the inverse of CRRA unless you independently think that is the right value for this calibration target.
- Do not switch to an asset-pricing or recursive-preferences interpretation.

Task:
1. Use exactly the target interpretation above. In `interpretation`, restate it briefly.
2. Give your subjective quantiles p05, p25, p50, p75, and p95 for this quantity.
3. Set `point_estimate` equal to `p50`.
4. Make the quantiles weakly increasing and numerically coherent.
5. In `citations`, list up to 3 source anchors from memory that influenced your belief. These are recall anchors only. If none come to mind confidently, return `[]`.
6. Keep `reasoning_summary` brief and substantive.

Return valid JSON only with exactly this shape:
{
  ""interpretation"": ""..."",
  ""point_estimate"": <number>,
  ""quantiles"": {
    ""p05"": <number>,
    ""p25"": <number>,
    ""p50"": <number>,
    ""p75"": <number>,
    ""p95"": <number>
  },
  ""citations"": [""...""],
  ""reasoning_summary"": ""...""
}"
litellm_completion,qwen3.8-max,household.intertemporal_elasticity_of_substitution,2,ies-clarify,none,True,0.5,"Elasticity of intertemporal substitution for nondurable consumption in an annual U.S. representative-household macro calibration: percent change in nondurable consumption growth induced by a 1 percent change in the intertemporal price of consumption, treated separately from risk aversion.",0.1,1.8,0.9,"{""p05"": 0.1, ""p25"": 0.25, ""p50"": 0.5, ""p75"": 0.9, ""p95"": 1.8}",False,"Hall (1988), Intertemporal Substitution in Consumption | Hansen and Singleton (1983), Stochastic Implications of the Life Cycle-Permanent Income Hypothesis | Vissing-Jorgensen (2002), Limited Asset Market Participation and the Intertemporal Elasticity of Substitution","For nondurable consumption in annual U.S. macro calibrations, empirical estimates of the IES are usually low and often statistically fragile, commonly below one. Hall-style Euler-equation estimates suggest values near zero to around one-half, while some specifications and asset-based calibrations allow values near or modestly above one. I center at about 0.5, with a wide but positive range reflecting identification uncertainty and sensitivity to instruments, data frequency, and consumption measure.",,"{
  ""interpretation"": ""Elasticity of intertemporal substitution for nondurable consumption in an annual U.S. representative-household macro calibration: percent change in nondurable consumption growth induced by a 1 percent change in the intertemporal price of consumption, treated separately from risk aversion."",
  ""point_estimate"": 0.5,
  ""quantiles"": {
    ""p05"": 0.1,
    ""p25"": 0.25,
    ""p50"": 0.5,
    ""p75"": 0.9,
    ""p95"": 1.8
  },
  ""citations"": [
    ""Hall (1988), Intertemporal Substitution in Consumption"",
    ""Hansen and Singleton (1983), Stochastic Implications of the Life Cycle-Permanent Income Hypothesis"",
    ""Vissing-Jorgensen (2002), Limited Asset Market Participation and the Intertemporal Elasticity of Substitution""
  ],
  ""reasoning_summary"": ""For nondurable consumption in annual U.S. macro calibrations, empirical estimates of the IES are usually low and often statistically fragile, commonly below one. Hall-style Euler-equation estimates suggest values near zero to around one-half, while some specifications and asset-based calibrations allow values near or modestly above one. I center at about 0.5, with a wide but positive range reflecting identification uncertainty and sensitivity to instruments, data frequency, and consumption measure.""
}","Answer from your current memory and background knowledge only.
Do not use tools, files, the web, code, or external resources.
Do not try to reconstruct a literature review or search for a consensus estimate.
Report the belief you currently endorse.

Quantity of interest:
- Name: Intertemporal elasticity of substitution
- Definition: Percent change in the growth rate of nondurable consumption from a 1 percent change in the intertemporal price of consumption.
- Target interpretation: IES for nondurable consumption in annual macro calibration, distinct from risk aversion
- Population/context: Representative U.S. household in an annual macro-calibration setting
- Units: elasticity

Clarification for this quantity:
- This is the elasticity of intertemporal substitution for nondurable consumption in a representative-household annual macro-calibration setting.
- Treat it as a consumption-growth response to the intertemporal price of consumption, not as a generic willingness-to-take-risk parameter.
- Do not answer with the inverse of CRRA unless you independently think that is the right value for this calibration target.
- Do not switch to an asset-pricing or recursive-preferences interpretation.

Task:
1. Use exactly the target interpretation above. In `interpretation`, restate it briefly.
2. Give your subjective quantiles p05, p25, p50, p75, and p95 for this quantity.
3. Set `point_estimate` equal to `p50`.
4. Make the quantiles weakly increasing and numerically coherent.
5. In `citations`, list up to 3 source anchors from memory that influenced your belief. These are recall anchors only. If none come to mind confidently, return `[]`.
6. Keep `reasoning_summary` brief and substantive.

Return valid JSON only with exactly this shape:
{
  ""interpretation"": ""..."",
  ""point_estimate"": <number>,
  ""quantiles"": {
    ""p05"": <number>,
    ""p25"": <number>,
    ""p50"": <number>,
    ""p75"": <number>,
    ""p95"": <number>
  },
  ""citations"": [""...""],
  ""reasoning_summary"": ""...""
}"
litellm_completion,qwen3.8-max,household.intertemporal_elasticity_of_substitution,3,ies-clarify,none,True,0.4,"Elasticity of intertemporal substitution for nondurable consumption: percent change in nondurable consumption growth induced by a 1 percent change in the intertemporal price of consumption, in an annual U.S. representative-household macro calibration, not tied to CRRA risk aversion or recursive-utility asset pricing.",0.05,1.5,0.9,"{""p05"": 0.05, ""p25"": 0.2, ""p50"": 0.4, ""p75"": 0.75, ""p95"": 1.5}",False,"Hall (1988), 'Intertemporal Substitution in Consumption' | Hansen and Singleton (1983), 'Stochastic Consumption, Risk Aversion, and the Temporal Behavior of Asset Returns' | Attanasio and Weber (1993), 'Consumption Growth, the Interest Rate, and Aggregation'","Empirical annual estimates of the IES for nondurable consumption have usually been below unit elasticity and often modest, though estimates vary widely with instruments, aggregation, and identification. For a standard macro calibration distinct from risk aversion, I endorse a central value around 0.4 with a wide but positive range.",,"{
  ""interpretation"": ""Elasticity of intertemporal substitution for nondurable consumption: percent change in nondurable consumption growth induced by a 1 percent change in the intertemporal price of consumption, in an annual U.S. representative-household macro calibration, not tied to CRRA risk aversion or recursive-utility asset pricing."",
  ""point_estimate"": 0.4,
  ""quantiles"": {
    ""p05"": 0.05,
    ""p25"": 0.2,
    ""p50"": 0.4,
    ""p75"": 0.75,
    ""p95"": 1.5
  },
  ""citations"": [
    ""Hall (1988), 'Intertemporal Substitution in Consumption'"",
    ""Hansen and Singleton (1983), 'Stochastic Consumption, Risk Aversion, and the Temporal Behavior of Asset Returns'"",
    ""Attanasio and Weber (1993), 'Consumption Growth, the Interest Rate, and Aggregation'""
  ],
  ""reasoning_summary"": ""Empirical annual estimates of the IES for nondurable consumption have usually been below unit elasticity and often modest, though estimates vary widely with instruments, aggregation, and identification. For a standard macro calibration distinct from risk aversion, I endorse a central value around 0.4 with a wide but positive range.""
}","Answer from your current memory and background knowledge only.
Do not use tools, files, the web, code, or external resources.
Do not try to reconstruct a literature review or search for a consensus estimate.
Report the belief you currently endorse.

Quantity of interest:
- Name: Intertemporal elasticity of substitution
- Definition: Percent change in the growth rate of nondurable consumption from a 1 percent change in the intertemporal price of consumption.
- Target interpretation: IES for nondurable consumption in annual macro calibration, distinct from risk aversion
- Population/context: Representative U.S. household in an annual macro-calibration setting
- Units: elasticity

Clarification for this quantity:
- This is the elasticity of intertemporal substitution for nondurable consumption in a representative-household annual macro-calibration setting.
- Treat it as a consumption-growth response to the intertemporal price of consumption, not as a generic willingness-to-take-risk parameter.
- Do not answer with the inverse of CRRA unless you independently think that is the right value for this calibration target.
- Do not switch to an asset-pricing or recursive-preferences interpretation.

Task:
1. Use exactly the target interpretation above. In `interpretation`, restate it briefly.
2. Give your subjective quantiles p05, p25, p50, p75, and p95 for this quantity.
3. Set `point_estimate` equal to `p50`.
4. Make the quantiles weakly increasing and numerically coherent.
5. In `citations`, list up to 3 source anchors from memory that influenced your belief. These are recall anchors only. If none come to mind confidently, return `[]`.
6. Keep `reasoning_summary` brief and substantive.

Return valid JSON only with exactly this shape:
{
  ""interpretation"": ""..."",
  ""point_estimate"": <number>,
  ""quantiles"": {
    ""p05"": <number>,
    ""p25"": <number>,
    ""p50"": <number>,
    ""p75"": <number>,
    ""p95"": <number>
  },
  ""citations"": [""...""],
  ""reasoning_summary"": ""...""
}"
litellm_completion,qwen3.8-max,household.intertemporal_elasticity_of_substitution,4,ies-clarify,none,True,0.1,"Elasticity of intertemporal substitution for U.S. nondurable consumption in an annual representative-household macro calibration: percent change in consumption growth induced by a 1 percent change in the intertemporal price of consumption, treated separately from risk aversion.",0.01,0.6,0.9,"{""p05"": 0.01, ""p25"": 0.05, ""p50"": 0.1, ""p75"": 0.25, ""p95"": 0.6}",False,"Hall (1988), Intertemporal Substitution in Consumption | Mankiw, Rotemberg, and Summers (1985), Intertemporal Substitution in Macroeconomics | Hansen and Singleton (1983), Stochastic Consumption, Risk Aversion, and the Temporal Behavior of Asset Returns","Annual U.S. nondurable-consumption IES is notoriously hard to identify and often estimated near zero, but macro calibrations frequently use positive values in the low-to-moderate range. I endorse a median around 0.1, with a long right tail reflecting common calibration choices and some estimates allowing higher substitution.",,"{
  ""interpretation"": ""Elasticity of intertemporal substitution for U.S. nondurable consumption in an annual representative-household macro calibration: percent change in consumption growth induced by a 1 percent change in the intertemporal price of consumption, treated separately from risk aversion."",
  ""point_estimate"": 0.1,
  ""quantiles"": {
    ""p05"": 0.01,
    ""p25"": 0.05,
    ""p50"": 0.1,
    ""p75"": 0.25,
    ""p95"": 0.6
  },
  ""citations"": [
    ""Hall (1988), Intertemporal Substitution in Consumption"",
    ""Mankiw, Rotemberg, and Summers (1985), Intertemporal Substitution in Macroeconomics"",
    ""Hansen and Singleton (1983), Stochastic Consumption, Risk Aversion, and the Temporal Behavior of Asset Returns""
  ],
  ""reasoning_summary"": ""Annual U.S. nondurable-consumption IES is notoriously hard to identify and often estimated near zero, but macro calibrations frequently use positive values in the low-to-moderate range. I endorse a median around 0.1, with a long right tail reflecting common calibration choices and some estimates allowing higher substitution.""
}","Answer from your current memory and background knowledge only.
Do not use tools, files, the web, code, or external resources.
Do not try to reconstruct a literature review or search for a consensus estimate.
Report the belief you currently endorse.

Quantity of interest:
- Name: Intertemporal elasticity of substitution
- Definition: Percent change in the growth rate of nondurable consumption from a 1 percent change in the intertemporal price of consumption.
- Target interpretation: IES for nondurable consumption in annual macro calibration, distinct from risk aversion
- Population/context: Representative U.S. household in an annual macro-calibration setting
- Units: elasticity

Clarification for this quantity:
- This is the elasticity of intertemporal substitution for nondurable consumption in a representative-household annual macro-calibration setting.
- Treat it as a consumption-growth response to the intertemporal price of consumption, not as a generic willingness-to-take-risk parameter.
- Do not answer with the inverse of CRRA unless you independently think that is the right value for this calibration target.
- Do not switch to an asset-pricing or recursive-preferences interpretation.

Task:
1. Use exactly the target interpretation above. In `interpretation`, restate it briefly.
2. Give your subjective quantiles p05, p25, p50, p75, and p95 for this quantity.
3. Set `point_estimate` equal to `p50`.
4. Make the quantiles weakly increasing and numerically coherent.
5. In `citations`, list up to 3 source anchors from memory that influenced your belief. These are recall anchors only. If none come to mind confidently, return `[]`.
6. Keep `reasoning_summary` brief and substantive.

Return valid JSON only with exactly this shape:
{
  ""interpretation"": ""..."",
  ""point_estimate"": <number>,
  ""quantiles"": {
    ""p05"": <number>,
    ""p25"": <number>,
    ""p50"": <number>,
    ""p75"": <number>,
    ""p95"": <number>
  },
  ""citations"": [""...""],
  ""reasoning_summary"": ""...""
}"
litellm_completion,qwen3.8-max,household.intertemporal_elasticity_of_substitution,5,ies-clarify,none,True,0.5,"Elasticity of intertemporal substitution for nondurable consumption in a representative U.S. household annual macro calibration: the percent change in the growth rate of nondurable consumption induced by a 1 percent change in the intertemporal price of consumption, considered separately from risk aversion.",0.1,1.5,0.9,"{""p05"": 0.1, ""p25"": 0.3, ""p50"": 0.5, ""p75"": 0.8, ""p95"": 1.5}",False,"Hall (1988), 'Intertemporal Substitution in Consumption' | Hansen and Singleton (1983), 'Stochastic Consumption, Risk Aversion, and the Temporal Behavior of Asset Returns' | Mankiw, Rotemberg, and Summers (1985), 'Intertemporal Substitution in Macroeconomics'","Empirical estimates of the IES from U.S. aggregate nondurable consumption are typically low and often significantly below one, while canonical macro calibrations frequently use values around 0.5, sometimes ranging near 0.25 to 1. I therefore center the distribution near 0.5 with a long right tail toward unity or slightly above, while allowing very low values because many data-based estimates are close to zero.",,"{
  ""interpretation"": ""Elasticity of intertemporal substitution for nondurable consumption in a representative U.S. household annual macro calibration: the percent change in the growth rate of nondurable consumption induced by a 1 percent change in the intertemporal price of consumption, considered separately from risk aversion."",
  ""point_estimate"": 0.5,
  ""quantiles"": {
    ""p05"": 0.1,
    ""p25"": 0.3,
    ""p50"": 0.5,
    ""p75"": 0.8,
    ""p95"": 1.5
  },
  ""citations"": [
    ""Hall (1988), 'Intertemporal Substitution in Consumption'"",
    ""Hansen and Singleton (1983), 'Stochastic Consumption, Risk Aversion, and the Temporal Behavior of Asset Returns'"",
    ""Mankiw, Rotemberg, and Summers (1985), 'Intertemporal Substitution in Macroeconomics'""
  ],
  ""reasoning_summary"": ""Empirical estimates of the IES from U.S. aggregate nondurable consumption are typically low and often significantly below one, while canonical macro calibrations frequently use values around 0.5, sometimes ranging near 0.25 to 1. I therefore center the distribution near 0.5 with a long right tail toward unity or slightly above, while allowing very low values because many data-based estimates are close to zero.""
}","Answer from your current memory and background knowledge only.
Do not use tools, files, the web, code, or external resources.
Do not try to reconstruct a literature review or search for a consensus estimate.
Report the belief you currently endorse.

Quantity of interest:
- Name: Intertemporal elasticity of substitution
- Definition: Percent change in the growth rate of nondurable consumption from a 1 percent change in the intertemporal price of consumption.
- Target interpretation: IES for nondurable consumption in annual macro calibration, distinct from risk aversion
- Population/context: Representative U.S. household in an annual macro-calibration setting
- Units: elasticity

Clarification for this quantity:
- This is the elasticity of intertemporal substitution for nondurable consumption in a representative-household annual macro-calibration setting.
- Treat it as a consumption-growth response to the intertemporal price of consumption, not as a generic willingness-to-take-risk parameter.
- Do not answer with the inverse of CRRA unless you independently think that is the right value for this calibration target.
- Do not switch to an asset-pricing or recursive-preferences interpretation.

Task:
1. Use exactly the target interpretation above. In `interpretation`, restate it briefly.
2. Give your subjective quantiles p05, p25, p50, p75, and p95 for this quantity.
3. Set `point_estimate` equal to `p50`.
4. Make the quantiles weakly increasing and numerically coherent.
5. In `citations`, list up to 3 source anchors from memory that influenced your belief. These are recall anchors only. If none come to mind confidently, return `[]`.
6. Keep `reasoning_summary` brief and substantive.

Return valid JSON only with exactly this shape:
{
  ""interpretation"": ""..."",
  ""point_estimate"": <number>,
  ""quantiles"": {
    ""p05"": <number>,
    ""p25"": <number>,
    ""p50"": <number>,
    ""p75"": <number>,
    ""p95"": <number>
  },
  ""citations"": [""...""],
  ""reasoning_summary"": ""...""
}"
litellm_completion,qwen3.8-max,household.intertemporal_elasticity_of_substitution,6,ies-clarify,none,True,0.25,"Elasticity of intertemporal substitution for nondurable consumption in a representative-household annual macro-calibration setting: the percent change in nondurable consumption growth induced by a 1 percent change in the intertemporal price of consumption, treated separately from risk aversion.",0.05,1.0,0.9,"{""p05"": 0.05, ""p25"": 0.15, ""p50"": 0.25, ""p75"": 0.55, ""p95"": 1.0}",False,"Hall (1988), 'Intertemporal Substitution in Consumption' | Mankiw, Rotemberg, and Summers (1985), 'Intertemporal Substitution in Macroeconomics' | Hansen and Singleton (1983), 'Stochastic Consumption, Risk Aversion, and the Temporal Behavior of Asset Returns'","I anchor on standard macro estimates for annual nondurable consumption, which typically find a low but positive IES, often well below one. Empirical work using consumption Euler equations frequently points to values around 0.1 to 0.5, with some specifications near zero and some allowing values closer to one. For an annual representative-U.S.-household calibration focused on nondurables and distinct from risk aversion, I endorse a median around 0.25.",,"{
  ""interpretation"": ""Elasticity of intertemporal substitution for nondurable consumption in a representative-household annual macro-calibration setting: the percent change in nondurable consumption growth induced by a 1 percent change in the intertemporal price of consumption, treated separately from risk aversion."",
  ""point_estimate"": 0.25,
  ""quantiles"": {
    ""p05"": 0.05,
    ""p25"": 0.15,
    ""p50"": 0.25,
    ""p75"": 0.55,
    ""p95"": 1.0
  },
  ""citations"": [
    ""Hall (1988), 'Intertemporal Substitution in Consumption'"",
    ""Mankiw, Rotemberg, and Summers (1985), 'Intertemporal Substitution in Macroeconomics'"",
    ""Hansen and Singleton (1983), 'Stochastic Consumption, Risk Aversion, and the Temporal Behavior of Asset Returns'""
  ],
  ""reasoning_summary"": ""I anchor on standard macro estimates for annual nondurable consumption, which typically find a low but positive IES, often well below one. Empirical work using consumption Euler equations frequently points to values around 0.1 to 0.5, with some specifications near zero and some allowing values closer to one. For an annual representative-U.S.-household calibration focused on nondurables and distinct from risk aversion, I endorse a median around 0.25.""
}","Answer from your current memory and background knowledge only.
Do not use tools, files, the web, code, or external resources.
Do not try to reconstruct a literature review or search for a consensus estimate.
Report the belief you currently endorse.

Quantity of interest:
- Name: Intertemporal elasticity of substitution
- Definition: Percent change in the growth rate of nondurable consumption from a 1 percent change in the intertemporal price of consumption.
- Target interpretation: IES for nondurable consumption in annual macro calibration, distinct from risk aversion
- Population/context: Representative U.S. household in an annual macro-calibration setting
- Units: elasticity

Clarification for this quantity:
- This is the elasticity of intertemporal substitution for nondurable consumption in a representative-household annual macro-calibration setting.
- Treat it as a consumption-growth response to the intertemporal price of consumption, not as a generic willingness-to-take-risk parameter.
- Do not answer with the inverse of CRRA unless you independently think that is the right value for this calibration target.
- Do not switch to an asset-pricing or recursive-preferences interpretation.

Task:
1. Use exactly the target interpretation above. In `interpretation`, restate it briefly.
2. Give your subjective quantiles p05, p25, p50, p75, and p95 for this quantity.
3. Set `point_estimate` equal to `p50`.
4. Make the quantiles weakly increasing and numerically coherent.
5. In `citations`, list up to 3 source anchors from memory that influenced your belief. These are recall anchors only. If none come to mind confidently, return `[]`.
6. Keep `reasoning_summary` brief and substantive.

Return valid JSON only with exactly this shape:
{
  ""interpretation"": ""..."",
  ""point_estimate"": <number>,
  ""quantiles"": {
    ""p05"": <number>,
    ""p25"": <number>,
    ""p50"": <number>,
    ""p75"": <number>,
    ""p95"": <number>
  },
  ""citations"": [""...""],
  ""reasoning_summary"": ""...""
}"
litellm_completion,qwen3.8-max,household.intertemporal_elasticity_of_substitution,7,ies-clarify,none,True,0.35,"Elasticity of intertemporal substitution for nondurable consumption in a representative U.S. household annual macro calibration: percent change in nondurable consumption growth from a 1 percent change in the intertemporal price of consumption, treated separately from risk aversion.",0.05,1.3,0.9,"{""p05"": 0.05, ""p25"": 0.15, ""p50"": 0.35, ""p75"": 0.7, ""p95"": 1.3}",False,"Hall (1988), 'Intertemporal Substitution in Consumption' | Barsky, Juster, Kimball, and Shapiro (1997), 'Risk Aversion and Intertemporal Choice' | Vissing-Jorgensen (2002), 'Limited Asset Market Participation and the Elasticity of Intertemporal Substitution'","Empirical estimates of the IES in nondurable consumption are typically below 1, often near zero to moderate positive values. Hall's classic Euler-equation evidence suggests a low elasticity, while later work accounting for measurement, heterogeneity, and participation constraints often moves estimates upward but still usually below 1. For an annual representative-household macro calibration, I endorse a cautious median around 0.35 rather than imposing a log-utility value of 1, reflecting that the target is nondurables only and is distinct from risk aversion.",,"{
  ""interpretation"": ""Elasticity of intertemporal substitution for nondurable consumption in a representative U.S. household annual macro calibration: percent change in nondurable consumption growth from a 1 percent change in the intertemporal price of consumption, treated separately from risk aversion."",
  ""point_estimate"": 0.35,
  ""quantiles"": {
    ""p05"": 0.05,
    ""p25"": 0.15,
    ""p50"": 0.35,
    ""p75"": 0.7,
    ""p95"": 1.3
  },
  ""citations"": [
    ""Hall (1988), 'Intertemporal Substitution in Consumption'"",
    ""Barsky, Juster, Kimball, and Shapiro (1997), 'Risk Aversion and Intertemporal Choice'"",
    ""Vissing-Jorgensen (2002), 'Limited Asset Market Participation and the Elasticity of Intertemporal Substitution'""
  ],
  ""reasoning_summary"": ""Empirical estimates of the IES in nondurable consumption are typically below 1, often near zero to moderate positive values. Hall's classic Euler-equation evidence suggests a low elasticity, while later work accounting for measurement, heterogeneity, and participation constraints often moves estimates upward but still usually below 1. For an annual representative-household macro calibration, I endorse a cautious median around 0.35 rather than imposing a log-utility value of 1, reflecting that the target is nondurables only and is distinct from risk aversion.""
}","Answer from your current memory and background knowledge only.
Do not use tools, files, the web, code, or external resources.
Do not try to reconstruct a literature review or search for a consensus estimate.
Report the belief you currently endorse.

Quantity of interest:
- Name: Intertemporal elasticity of substitution
- Definition: Percent change in the growth rate of nondurable consumption from a 1 percent change in the intertemporal price of consumption.
- Target interpretation: IES for nondurable consumption in annual macro calibration, distinct from risk aversion
- Population/context: Representative U.S. household in an annual macro-calibration setting
- Units: elasticity

Clarification for this quantity:
- This is the elasticity of intertemporal substitution for nondurable consumption in a representative-household annual macro-calibration setting.
- Treat it as a consumption-growth response to the intertemporal price of consumption, not as a generic willingness-to-take-risk parameter.
- Do not answer with the inverse of CRRA unless you independently think that is the right value for this calibration target.
- Do not switch to an asset-pricing or recursive-preferences interpretation.

Task:
1. Use exactly the target interpretation above. In `interpretation`, restate it briefly.
2. Give your subjective quantiles p05, p25, p50, p75, and p95 for this quantity.
3. Set `point_estimate` equal to `p50`.
4. Make the quantiles weakly increasing and numerically coherent.
5. In `citations`, list up to 3 source anchors from memory that influenced your belief. These are recall anchors only. If none come to mind confidently, return `[]`.
6. Keep `reasoning_summary` brief and substantive.

Return valid JSON only with exactly this shape:
{
  ""interpretation"": ""..."",
  ""point_estimate"": <number>,
  ""quantiles"": {
    ""p05"": <number>,
    ""p25"": <number>,
    ""p50"": <number>,
    ""p75"": <number>,
    ""p95"": <number>
  },
  ""citations"": [""...""],
  ""reasoning_summary"": ""...""
}"
litellm_completion,qwen3.8-max,household.intertemporal_elasticity_of_substitution,8,ies-clarify,none,True,0.4,"Elasticity of intertemporal substitution for U.S. nondurable consumption in an annual representative-household macro calibration: percent change in nondurable consumption growth induced by a 1 percent change in the intertemporal price of consumption, interpreted separately from risk aversion.",0.0,1.5,0.9,"{""p05"": 0.0, ""p25"": 0.2, ""p50"": 0.4, ""p75"": 0.8, ""p95"": 1.5}",False,"Hall (1988), 'Intertemporal Substitution in Consumption' | Mankiw, Rotemberg, and Summers (1985), 'Intertemporal Substitution in Macroeconomics' | Vissing-Jorgensen (2002), evidence on limited asset market participation and low IES estimates","Annual U.S. macro estimates of the IES in nondurable consumption are usually well below one, often near zero to one-half once measurement, habit persistence, limited asset participation, and weak Euler-equation evidence are considered. A calibration centered near 0.4 seems reasonable, with a tail toward values around one or somewhat above if one weights simpler Euler-equation or flexible-price calibrations more heavily.",,"{
  ""interpretation"": ""Elasticity of intertemporal substitution for U.S. nondurable consumption in an annual representative-household macro calibration: percent change in nondurable consumption growth induced by a 1 percent change in the intertemporal price of consumption, interpreted separately from risk aversion."",
  ""point_estimate"": 0.4,
  ""quantiles"": {
    ""p05"": 0.0,
    ""p25"": 0.2,
    ""p50"": 0.4,
    ""p75"": 0.8,
    ""p95"": 1.5
  },
  ""citations"": [
    ""Hall (1988), 'Intertemporal Substitution in Consumption'"",
    ""Mankiw, Rotemberg, and Summers (1985), 'Intertemporal Substitution in Macroeconomics'"",
    ""Vissing-Jorgensen (2002), evidence on limited asset market participation and low IES estimates""
  ],
  ""reasoning_summary"": ""Annual U.S. macro estimates of the IES in nondurable consumption are usually well below one, often near zero to one-half once measurement, habit persistence, limited asset participation, and weak Euler-equation evidence are considered. A calibration centered near 0.4 seems reasonable, with a tail toward values around one or somewhat above if one weights simpler Euler-equation or flexible-price calibrations more heavily.""
}","Answer from your current memory and background knowledge only.
Do not use tools, files, the web, code, or external resources.
Do not try to reconstruct a literature review or search for a consensus estimate.
Report the belief you currently endorse.

Quantity of interest:
- Name: Intertemporal elasticity of substitution
- Definition: Percent change in the growth rate of nondurable consumption from a 1 percent change in the intertemporal price of consumption.
- Target interpretation: IES for nondurable consumption in annual macro calibration, distinct from risk aversion
- Population/context: Representative U.S. household in an annual macro-calibration setting
- Units: elasticity

Clarification for this quantity:
- This is the elasticity of intertemporal substitution for nondurable consumption in a representative-household annual macro-calibration setting.
- Treat it as a consumption-growth response to the intertemporal price of consumption, not as a generic willingness-to-take-risk parameter.
- Do not answer with the inverse of CRRA unless you independently think that is the right value for this calibration target.
- Do not switch to an asset-pricing or recursive-preferences interpretation.

Task:
1. Use exactly the target interpretation above. In `interpretation`, restate it briefly.
2. Give your subjective quantiles p05, p25, p50, p75, and p95 for this quantity.
3. Set `point_estimate` equal to `p50`.
4. Make the quantiles weakly increasing and numerically coherent.
5. In `citations`, list up to 3 source anchors from memory that influenced your belief. These are recall anchors only. If none come to mind confidently, return `[]`.
6. Keep `reasoning_summary` brief and substantive.

Return valid JSON only with exactly this shape:
{
  ""interpretation"": ""..."",
  ""point_estimate"": <number>,
  ""quantiles"": {
    ""p05"": <number>,
    ""p25"": <number>,
    ""p50"": <number>,
    ""p75"": <number>,
    ""p95"": <number>
  },
  ""citations"": [""...""],
  ""reasoning_summary"": ""...""
}"
litellm_completion,qwen3.8-max,household.intertemporal_elasticity_of_substitution,9,ies-clarify,none,True,0.75,"Elasticity of intertemporal substitution for nondurable consumption in a representative U.S. household annual macro calibration: the percent change in nondurable consumption growth induced by a 1 percent change in the intertemporal price of consumption, interpreted separately from risk aversion.",0.2,1.6,0.9,"{""p05"": 0.2, ""p25"": 0.5, ""p50"": 0.75, ""p75"": 1.1, ""p95"": 1.6}",False,"Hall (1988), 'Intertemporal Substitution in Consumption' | Mankiw, Rotemberg, and Summers (1985), 'Intertemporal Substitution in Macroeconomics' | Hansen and Singleton (1983), 'Stochastic Consumption, Risk Aversion, and the Temporal Behavior of Asset Returns'","I anchor on standard annual U.S. macro calibrations where the IES for nondurable consumption is typically modest, below one, but not near zero. Empirical Euler-equation estimates are often low and imprecise, while many calibrated macro models use values around 0.5 to 1. I center at 0.75 because the target explicitly asks for the substitution elasticity in consumption growth, not an asset-pricing or recursive-preferences parameter.",,"{
  ""interpretation"": ""Elasticity of intertemporal substitution for nondurable consumption in a representative U.S. household annual macro calibration: the percent change in nondurable consumption growth induced by a 1 percent change in the intertemporal price of consumption, interpreted separately from risk aversion."",
  ""point_estimate"": 0.75,
  ""quantiles"": {
    ""p05"": 0.2,
    ""p25"": 0.5,
    ""p50"": 0.75,
    ""p75"": 1.1,
    ""p95"": 1.6
  },
  ""citations"": [
    ""Hall (1988), 'Intertemporal Substitution in Consumption'"",
    ""Mankiw, Rotemberg, and Summers (1985), 'Intertemporal Substitution in Macroeconomics'"",
    ""Hansen and Singleton (1983), 'Stochastic Consumption, Risk Aversion, and the Temporal Behavior of Asset Returns'""
  ],
  ""reasoning_summary"": ""I anchor on standard annual U.S. macro calibrations where the IES for nondurable consumption is typically modest, below one, but not near zero. Empirical Euler-equation estimates are often low and imprecise, while many calibrated macro models use values around 0.5 to 1. I center at 0.75 because the target explicitly asks for the substitution elasticity in consumption growth, not an asset-pricing or recursive-preferences parameter.""
}","Answer from your current memory and background knowledge only.
Do not use tools, files, the web, code, or external resources.
Do not try to reconstruct a literature review or search for a consensus estimate.
Report the belief you currently endorse.

Quantity of interest:
- Name: Intertemporal elasticity of substitution
- Definition: Percent change in the growth rate of nondurable consumption from a 1 percent change in the intertemporal price of consumption.
- Target interpretation: IES for nondurable consumption in annual macro calibration, distinct from risk aversion
- Population/context: Representative U.S. household in an annual macro-calibration setting
- Units: elasticity

Clarification for this quantity:
- This is the elasticity of intertemporal substitution for nondurable consumption in a representative-household annual macro-calibration setting.
- Treat it as a consumption-growth response to the intertemporal price of consumption, not as a generic willingness-to-take-risk parameter.
- Do not answer with the inverse of CRRA unless you independently think that is the right value for this calibration target.
- Do not switch to an asset-pricing or recursive-preferences interpretation.

Task:
1. Use exactly the target interpretation above. In `interpretation`, restate it briefly.
2. Give your subjective quantiles p05, p25, p50, p75, and p95 for this quantity.
3. Set `point_estimate` equal to `p50`.
4. Make the quantiles weakly increasing and numerically coherent.
5. In `citations`, list up to 3 source anchors from memory that influenced your belief. These are recall anchors only. If none come to mind confidently, return `[]`.
6. Keep `reasoning_summary` brief and substantive.

Return valid JSON only with exactly this shape:
{
  ""interpretation"": ""..."",
  ""point_estimate"": <number>,
  ""quantiles"": {
    ""p05"": <number>,
    ""p25"": <number>,
    ""p50"": <number>,
    ""p75"": <number>,
    ""p95"": <number>
  },
  ""citations"": [""...""],
  ""reasoning_summary"": ""...""
}"
litellm_completion,qwen3.8-max,household.intertemporal_elasticity_of_substitution,10,ies-clarify,none,True,0.5,"Elasticity of intertemporal substitution for nondurable consumption in an annual representative-U.S.-household macro calibration: percent change in the growth rate of nondurable consumption from a 1 percent change in the intertemporal price of consumption, treated separately from risk aversion.",0.1,1.5,0.9,"{""p05"": 0.1, ""p25"": 0.3, ""p50"": 0.5, ""p75"": 0.8, ""p95"": 1.5}",False,"Hall (1988), 'Intertemporal Substitution in Consumption' | Hansen and Singleton (1983), 'Stochastic Implications of the Life Cycle-Permanent Income Hypothesis: Theory and Evidence' | Mankiw, Rotemberg, and Summers (1985), 'Intertemporal Substitution in the Presence of Adjustment Costs'","Empirical work using U.S. aggregate nondurables and standard Euler-equation calibrations typically finds a low-to-moderate IES, often materially below 1, though estimates are sensitive to instruments, measurement, and timing assumptions. For annual macro calibration, I center around 0.5 with substantial uncertainty and an upper tail that includes values near or modestly above 1.",,"{
  ""interpretation"": ""Elasticity of intertemporal substitution for nondurable consumption in an annual representative-U.S.-household macro calibration: percent change in the growth rate of nondurable consumption from a 1 percent change in the intertemporal price of consumption, treated separately from risk aversion."",
  ""point_estimate"": 0.5,
  ""quantiles"": {
    ""p05"": 0.1,
    ""p25"": 0.3,
    ""p50"": 0.5,
    ""p75"": 0.8,
    ""p95"": 1.5
  },
  ""citations"": [
    ""Hall (1988), 'Intertemporal Substitution in Consumption'"",
    ""Hansen and Singleton (1983), 'Stochastic Implications of the Life Cycle-Permanent Income Hypothesis: Theory and Evidence'"",
    ""Mankiw, Rotemberg, and Summers (1985), 'Intertemporal Substitution in the Presence of Adjustment Costs'""
  ],
  ""reasoning_summary"": ""Empirical work using U.S. aggregate nondurables and standard Euler-equation calibrations typically finds a low-to-moderate IES, often materially below 1, though estimates are sensitive to instruments, measurement, and timing assumptions. For annual macro calibration, I center around 0.5 with substantial uncertainty and an upper tail that includes values near or modestly above 1.""
}","Answer from your current memory and background knowledge only.
Do not use tools, files, the web, code, or external resources.
Do not try to reconstruct a literature review or search for a consensus estimate.
Report the belief you currently endorse.

Quantity of interest:
- Name: Intertemporal elasticity of substitution
- Definition: Percent change in the growth rate of nondurable consumption from a 1 percent change in the intertemporal price of consumption.
- Target interpretation: IES for nondurable consumption in annual macro calibration, distinct from risk aversion
- Population/context: Representative U.S. household in an annual macro-calibration setting
- Units: elasticity

Clarification for this quantity:
- This is the elasticity of intertemporal substitution for nondurable consumption in a representative-household annual macro-calibration setting.
- Treat it as a consumption-growth response to the intertemporal price of consumption, not as a generic willingness-to-take-risk parameter.
- Do not answer with the inverse of CRRA unless you independently think that is the right value for this calibration target.
- Do not switch to an asset-pricing or recursive-preferences interpretation.

Task:
1. Use exactly the target interpretation above. In `interpretation`, restate it briefly.
2. Give your subjective quantiles p05, p25, p50, p75, and p95 for this quantity.
3. Set `point_estimate` equal to `p50`.
4. Make the quantiles weakly increasing and numerically coherent.
5. In `citations`, list up to 3 source anchors from memory that influenced your belief. These are recall anchors only. If none come to mind confidently, return `[]`.
6. Keep `reasoning_summary` brief and substantive.

Return valid JSON only with exactly this shape:
{
  ""interpretation"": ""..."",
  ""point_estimate"": <number>,
  ""quantiles"": {
    ""p05"": <number>,
    ""p25"": <number>,
    ""p50"": <number>,
    ""p75"": <number>,
    ""p95"": <number>
  },
  ""citations"": [""...""],
  ""reasoning_summary"": ""...""
}"
litellm_completion,qwen3.8-max,household.intertemporal_elasticity_of_substitution,11,ies-clarify,none,True,0.1,"Elasticity of intertemporal substitution for nondurable consumption: percent change in the growth rate of nondurable consumption from a 1 percent change in the intertemporal price of consumption, in an annual U.S. representative-household macro calibration, distinct from risk aversion.",0.05,0.5,0.9,"{""p05"": 0.05, ""p25"": 0.08, ""p50"": 0.1, ""p75"": 0.25, ""p95"": 0.5}",False,"Hall (1988), Intertemporal Substitution in Consumption | Hansen and Singleton (1983), Stochastic Consumption, Risk Aversion, and the Temporal Elasticity of Substitution | Mankiw, Rotemberg, and Summers (1985), Intertemporal Substitution in Macroeconomics","For annual U.S. aggregate nondurable consumption, empirical estimates of the IES using Euler equations are typically low and often statistically weak, commonly clustering below one. I center the calibration belief near 0.1, reflecting the standard Hall-type finding of limited intertemporal substitution, with an upper tail allowing for larger but less likely estimates near one-half.",,"{
  ""interpretation"": ""Elasticity of intertemporal substitution for nondurable consumption: percent change in the growth rate of nondurable consumption from a 1 percent change in the intertemporal price of consumption, in an annual U.S. representative-household macro calibration, distinct from risk aversion."",
  ""point_estimate"": 0.10,
  ""quantiles"": {
    ""p05"": 0.05,
    ""p25"": 0.08,
    ""p50"": 0.10,
    ""p75"": 0.25,
    ""p95"": 0.50
  },
  ""citations"": [
    ""Hall (1988), Intertemporal Substitution in Consumption"",
    ""Hansen and Singleton (1983), Stochastic Consumption, Risk Aversion, and the Temporal Elasticity of Substitution"",
    ""Mankiw, Rotemberg, and Summers (1985), Intertemporal Substitution in Macroeconomics""
  ],
  ""reasoning_summary"": ""For annual U.S. aggregate nondurable consumption, empirical estimates of the IES using Euler equations are typically low and often statistically weak, commonly clustering below one. I center the calibration belief near 0.1, reflecting the standard Hall-type finding of limited intertemporal substitution, with an upper tail allowing for larger but less likely estimates near one-half.""
}","Answer from your current memory and background knowledge only.
Do not use tools, files, the web, code, or external resources.
Do not try to reconstruct a literature review or search for a consensus estimate.
Report the belief you currently endorse.

Quantity of interest:
- Name: Intertemporal elasticity of substitution
- Definition: Percent change in the growth rate of nondurable consumption from a 1 percent change in the intertemporal price of consumption.
- Target interpretation: IES for nondurable consumption in annual macro calibration, distinct from risk aversion
- Population/context: Representative U.S. household in an annual macro-calibration setting
- Units: elasticity

Clarification for this quantity:
- This is the elasticity of intertemporal substitution for nondurable consumption in a representative-household annual macro-calibration setting.
- Treat it as a consumption-growth response to the intertemporal price of consumption, not as a generic willingness-to-take-risk parameter.
- Do not answer with the inverse of CRRA unless you independently think that is the right value for this calibration target.
- Do not switch to an asset-pricing or recursive-preferences interpretation.

Task:
1. Use exactly the target interpretation above. In `interpretation`, restate it briefly.
2. Give your subjective quantiles p05, p25, p50, p75, and p95 for this quantity.
3. Set `point_estimate` equal to `p50`.
4. Make the quantiles weakly increasing and numerically coherent.
5. In `citations`, list up to 3 source anchors from memory that influenced your belief. These are recall anchors only. If none come to mind confidently, return `[]`.
6. Keep `reasoning_summary` brief and substantive.

Return valid JSON only with exactly this shape:
{
  ""interpretation"": ""..."",
  ""point_estimate"": <number>,
  ""quantiles"": {
    ""p05"": <number>,
    ""p25"": <number>,
    ""p50"": <number>,
    ""p75"": <number>,
    ""p95"": <number>
  },
  ""citations"": [""...""],
  ""reasoning_summary"": ""...""
}"
litellm_completion,qwen3.8-max,household.intertemporal_elasticity_of_substitution,12,ies-clarify,none,True,0.5,"Elasticity of intertemporal substitution for nondurable consumption: percent change in nondurable consumption growth induced by a 1 percent change in the intertemporal price of consumption, in a representative U.S. household annual macro calibration, distinct from risk aversion.",0.05,2.0,0.9,"{""p05"": 0.05, ""p25"": 0.2, ""p50"": 0.5, ""p75"": 1.0, ""p95"": 2.0}",False,"Mankiw, Rotemberg, and Summers (1985) | Hall (1988) | Hansen and Singleton (1983)","Empirical annual U.S. macro estimates of the IES for nondurable consumption are often low and frequently below one, with some approaches near zero and others allowing values around one. For a representative-household annual calibration focused on nondurables and separated from risk aversion, I center around 0.5 with a wide but positive range.",,"{
  ""interpretation"": ""Elasticity of intertemporal substitution for nondurable consumption: percent change in nondurable consumption growth induced by a 1 percent change in the intertemporal price of consumption, in a representative U.S. household annual macro calibration, distinct from risk aversion."",
  ""point_estimate"": 0.5,
  ""quantiles"": {
    ""p05"": 0.05,
    ""p25"": 0.2,
    ""p50"": 0.5,
    ""p75"": 1.0,
    ""p95"": 2.0
  },
  ""citations"": [
    ""Mankiw, Rotemberg, and Summers (1985)"",
    ""Hall (1988)"",
    ""Hansen and Singleton (1983)""
  ],
  ""reasoning_summary"": ""Empirical annual U.S. macro estimates of the IES for nondurable consumption are often low and frequently below one, with some approaches near zero and others allowing values around one. For a representative-household annual calibration focused on nondurables and separated from risk aversion, I center around 0.5 with a wide but positive range.""
}","Answer from your current memory and background knowledge only.
Do not use tools, files, the web, code, or external resources.
Do not try to reconstruct a literature review or search for a consensus estimate.
Report the belief you currently endorse.

Quantity of interest:
- Name: Intertemporal elasticity of substitution
- Definition: Percent change in the growth rate of nondurable consumption from a 1 percent change in the intertemporal price of consumption.
- Target interpretation: IES for nondurable consumption in annual macro calibration, distinct from risk aversion
- Population/context: Representative U.S. household in an annual macro-calibration setting
- Units: elasticity

Clarification for this quantity:
- This is the elasticity of intertemporal substitution for nondurable consumption in a representative-household annual macro-calibration setting.
- Treat it as a consumption-growth response to the intertemporal price of consumption, not as a generic willingness-to-take-risk parameter.
- Do not answer with the inverse of CRRA unless you independently think that is the right value for this calibration target.
- Do not switch to an asset-pricing or recursive-preferences interpretation.

Task:
1. Use exactly the target interpretation above. In `interpretation`, restate it briefly.
2. Give your subjective quantiles p05, p25, p50, p75, and p95 for this quantity.
3. Set `point_estimate` equal to `p50`.
4. Make the quantiles weakly increasing and numerically coherent.
5. In `citations`, list up to 3 source anchors from memory that influenced your belief. These are recall anchors only. If none come to mind confidently, return `[]`.
6. Keep `reasoning_summary` brief and substantive.

Return valid JSON only with exactly this shape:
{
  ""interpretation"": ""..."",
  ""point_estimate"": <number>,
  ""quantiles"": {
    ""p05"": <number>,
    ""p25"": <number>,
    ""p50"": <number>,
    ""p75"": <number>,
    ""p95"": <number>
  },
  ""citations"": [""...""],
  ""reasoning_summary"": ""...""
}"
litellm_completion,qwen3.8-max,household.intertemporal_elasticity_of_substitution,13,ies-clarify,none,True,0.35,"Elasticity of intertemporal substitution for nondurable consumption in a representative U.S. household annual macro calibration: percent change in the growth rate of nondurable consumption from a 1 percent change in the intertemporal price of consumption, treated separately from risk aversion.",0.05,1.0,0.9,"{""p05"": 0.05, ""p25"": 0.18, ""p50"": 0.35, ""p75"": 0.65, ""p95"": 1.0}",False,"Hall (1988), Intertemporal Substitution in Consumption | Mankiw, Rotemberg, and Summers (1985), Intertemporal Substitution in Macroeconomics | Hansen and Singleton (1983), Stochastic Consumption, Risk Aversion, and the Intertemporal Substitution","Empirical macro estimates for the U.S. annual IES in nondurables are typically well below 1 and often close to zero or modestly positive. Calibration practice frequently uses values around 0.25-0.5 when separating IES from risk aversion, so I center near 0.35 with wide uncertainty.",,"{
  ""interpretation"": ""Elasticity of intertemporal substitution for nondurable consumption in a representative U.S. household annual macro calibration: percent change in the growth rate of nondurable consumption from a 1 percent change in the intertemporal price of consumption, treated separately from risk aversion."",
  ""point_estimate"": 0.35,
  ""quantiles"": {
    ""p05"": 0.05,
    ""p25"": 0.18,
    ""p50"": 0.35,
    ""p75"": 0.65,
    ""p95"": 1.0
  },
  ""citations"": [
    ""Hall (1988), Intertemporal Substitution in Consumption"",
    ""Mankiw, Rotemberg, and Summers (1985), Intertemporal Substitution in Macroeconomics"",
    ""Hansen and Singleton (1983), Stochastic Consumption, Risk Aversion, and the Intertemporal Substitution""
  ],
  ""reasoning_summary"": ""Empirical macro estimates for the U.S. annual IES in nondurables are typically well below 1 and often close to zero or modestly positive. Calibration practice frequently uses values around 0.25-0.5 when separating IES from risk aversion, so I center near 0.35 with wide uncertainty.""
}","Answer from your current memory and background knowledge only.
Do not use tools, files, the web, code, or external resources.
Do not try to reconstruct a literature review or search for a consensus estimate.
Report the belief you currently endorse.

Quantity of interest:
- Name: Intertemporal elasticity of substitution
- Definition: Percent change in the growth rate of nondurable consumption from a 1 percent change in the intertemporal price of consumption.
- Target interpretation: IES for nondurable consumption in annual macro calibration, distinct from risk aversion
- Population/context: Representative U.S. household in an annual macro-calibration setting
- Units: elasticity

Clarification for this quantity:
- This is the elasticity of intertemporal substitution for nondurable consumption in a representative-household annual macro-calibration setting.
- Treat it as a consumption-growth response to the intertemporal price of consumption, not as a generic willingness-to-take-risk parameter.
- Do not answer with the inverse of CRRA unless you independently think that is the right value for this calibration target.
- Do not switch to an asset-pricing or recursive-preferences interpretation.

Task:
1. Use exactly the target interpretation above. In `interpretation`, restate it briefly.
2. Give your subjective quantiles p05, p25, p50, p75, and p95 for this quantity.
3. Set `point_estimate` equal to `p50`.
4. Make the quantiles weakly increasing and numerically coherent.
5. In `citations`, list up to 3 source anchors from memory that influenced your belief. These are recall anchors only. If none come to mind confidently, return `[]`.
6. Keep `reasoning_summary` brief and substantive.

Return valid JSON only with exactly this shape:
{
  ""interpretation"": ""..."",
  ""point_estimate"": <number>,
  ""quantiles"": {
    ""p05"": <number>,
    ""p25"": <number>,
    ""p50"": <number>,
    ""p75"": <number>,
    ""p95"": <number>
  },
  ""citations"": [""...""],
  ""reasoning_summary"": ""...""
}"
litellm_completion,qwen3.8-max,household.intertemporal_elasticity_of_substitution,14,ies-clarify,none,True,0.25,"Elasticity of intertemporal substitution for nondurable consumption in an annual representative-U.S.-household macro calibration: the percent change in nondurable consumption growth induced by a 1 percent change in the intertemporal price of consumption, treated separately from risk aversion.",0.05,1.0,0.9,"{""p05"": 0.05, ""p25"": 0.15, ""p50"": 0.25, ""p75"": 0.5, ""p95"": 1.0}",False,"Hall (1988), 'Intertemporal Substitution in Consumption' | Hansen and Singleton (1983), 'Stochastic Consumption, Risk Aversion, and the Temporal Behavior of Asset Returns' | Kocherlakota (2005), 'Zero Expected Wealth, Positive Interest Rates, and Asset Pricing' or related low-IES macro calibration discussions","For annual U.S. macro calibrations using nondurable consumption, empirical estimates of the IES have historically been low, often well below 1 and sometimes near zero. A central tendency around 0.2 to 0.3 seems plausible, with substantial uncertainty allowing values near zero and some upper tail approaching 1 if identification or model specification is more favorable. I did not impose inverse CRRA mechanically; the values reflect a calibration belief for consumption-growth responsiveness to intertemporal prices.",,"{
  ""interpretation"": ""Elasticity of intertemporal substitution for nondurable consumption in an annual representative-U.S.-household macro calibration: the percent change in nondurable consumption growth induced by a 1 percent change in the intertemporal price of consumption, treated separately from risk aversion."",
  ""point_estimate"": 0.25,
  ""quantiles"": {
    ""p05"": 0.05,
    ""p25"": 0.15,
    ""p50"": 0.25,
    ""p75"": 0.5,
    ""p95"": 1.0
  },
  ""citations"": [
    ""Hall (1988), 'Intertemporal Substitution in Consumption'"",
    ""Hansen and Singleton (1983), 'Stochastic Consumption, Risk Aversion, and the Temporal Behavior of Asset Returns'"",
    ""Kocherlakota (2005), 'Zero Expected Wealth, Positive Interest Rates, and Asset Pricing' or related low-IES macro calibration discussions""
  ],
  ""reasoning_summary"": ""For annual U.S. macro calibrations using nondurable consumption, empirical estimates of the IES have historically been low, often well below 1 and sometimes near zero. A central tendency around 0.2 to 0.3 seems plausible, with substantial uncertainty allowing values near zero and some upper tail approaching 1 if identification or model specification is more favorable. I did not impose inverse CRRA mechanically; the values reflect a calibration belief for consumption-growth responsiveness to intertemporal prices.""
}","Answer from your current memory and background knowledge only.
Do not use tools, files, the web, code, or external resources.
Do not try to reconstruct a literature review or search for a consensus estimate.
Report the belief you currently endorse.

Quantity of interest:
- Name: Intertemporal elasticity of substitution
- Definition: Percent change in the growth rate of nondurable consumption from a 1 percent change in the intertemporal price of consumption.
- Target interpretation: IES for nondurable consumption in annual macro calibration, distinct from risk aversion
- Population/context: Representative U.S. household in an annual macro-calibration setting
- Units: elasticity

Clarification for this quantity:
- This is the elasticity of intertemporal substitution for nondurable consumption in a representative-household annual macro-calibration setting.
- Treat it as a consumption-growth response to the intertemporal price of consumption, not as a generic willingness-to-take-risk parameter.
- Do not answer with the inverse of CRRA unless you independently think that is the right value for this calibration target.
- Do not switch to an asset-pricing or recursive-preferences interpretation.

Task:
1. Use exactly the target interpretation above. In `interpretation`, restate it briefly.
2. Give your subjective quantiles p05, p25, p50, p75, and p95 for this quantity.
3. Set `point_estimate` equal to `p50`.
4. Make the quantiles weakly increasing and numerically coherent.
5. In `citations`, list up to 3 source anchors from memory that influenced your belief. These are recall anchors only. If none come to mind confidently, return `[]`.
6. Keep `reasoning_summary` brief and substantive.

Return valid JSON only with exactly this shape:
{
  ""interpretation"": ""..."",
  ""point_estimate"": <number>,
  ""quantiles"": {
    ""p05"": <number>,
    ""p25"": <number>,
    ""p50"": <number>,
    ""p75"": <number>,
    ""p95"": <number>
  },
  ""citations"": [""...""],
  ""reasoning_summary"": ""...""
}"
litellm_completion,qwen3.8-max,household.intertemporal_elasticity_of_substitution,15,ies-clarify,none,True,0.1,"Elasticity of intertemporal substitution for nondurable consumption in an annual representative-household macro calibration: percent change in nondurable consumption growth induced by a 1 percent change in the intertemporal price of consumption, distinct from risk aversion.",0.02,0.4,0.9,"{""p05"": 0.02, ""p25"": 0.05, ""p50"": 0.1, ""p75"": 0.2, ""p95"": 0.4}",False,"Mankiw, Rotemberg, and Summers (1985) | Hall (1988) | Chetty (2006)","For annual U.S. macro calibration using nondurable consumption, empirical Euler-equation estimates have generally implied a small IES, often well below one and sometimes statistically near zero. I anchor slightly above zero because many calibrations avoid exactly zero, but place most mass in the low range rather than the unitary benchmark.",,"{
  ""interpretation"": ""Elasticity of intertemporal substitution for nondurable consumption in an annual representative-household macro calibration: percent change in nondurable consumption growth induced by a 1 percent change in the intertemporal price of consumption, distinct from risk aversion."",
  ""point_estimate"": 0.1,
  ""quantiles"": {
    ""p05"": 0.02,
    ""p25"": 0.05,
    ""p50"": 0.1,
    ""p75"": 0.2,
    ""p95"": 0.4
  },
  ""citations"": [
    ""Mankiw, Rotemberg, and Summers (1985)"",
    ""Hall (1988)"",
    ""Chetty (2006)""
  ],
  ""reasoning_summary"": ""For annual U.S. macro calibration using nondurable consumption, empirical Euler-equation estimates have generally implied a small IES, often well below one and sometimes statistically near zero. I anchor slightly above zero because many calibrations avoid exactly zero, but place most mass in the low range rather than the unitary benchmark.""
}","Answer from your current memory and background knowledge only.
Do not use tools, files, the web, code, or external resources.
Do not try to reconstruct a literature review or search for a consensus estimate.
Report the belief you currently endorse.

Quantity of interest:
- Name: Intertemporal elasticity of substitution
- Definition: Percent change in the growth rate of nondurable consumption from a 1 percent change in the intertemporal price of consumption.
- Target interpretation: IES for nondurable consumption in annual macro calibration, distinct from risk aversion
- Population/context: Representative U.S. household in an annual macro-calibration setting
- Units: elasticity

Clarification for this quantity:
- This is the elasticity of intertemporal substitution for nondurable consumption in a representative-household annual macro-calibration setting.
- Treat it as a consumption-growth response to the intertemporal price of consumption, not as a generic willingness-to-take-risk parameter.
- Do not answer with the inverse of CRRA unless you independently think that is the right value for this calibration target.
- Do not switch to an asset-pricing or recursive-preferences interpretation.

Task:
1. Use exactly the target interpretation above. In `interpretation`, restate it briefly.
2. Give your subjective quantiles p05, p25, p50, p75, and p95 for this quantity.
3. Set `point_estimate` equal to `p50`.
4. Make the quantiles weakly increasing and numerically coherent.
5. In `citations`, list up to 3 source anchors from memory that influenced your belief. These are recall anchors only. If none come to mind confidently, return `[]`.
6. Keep `reasoning_summary` brief and substantive.

Return valid JSON only with exactly this shape:
{
  ""interpretation"": ""..."",
  ""point_estimate"": <number>,
  ""quantiles"": {
    ""p05"": <number>,
    ""p25"": <number>,
    ""p50"": <number>,
    ""p75"": <number>,
    ""p95"": <number>
  },
  ""citations"": [""...""],
  ""reasoning_summary"": ""...""
}"
